{"cameraMode":{"drawMode":0,"name":"Shaded","section":"Shading Mode"},"sceneLighting":true,"audioPlay":false,"sceneViewState":{"showFog":true,"showMaterialUpdate":false,"showSkybox":true,"showFlares":true,"showImageEffects":true,"showParticleSystems":true},"in2DMode":false,"pivot":{"x":-1.6671695709228516,"y":-0.2666769027709961,"z":2.149904251098633},"rotation":{"x":-0.10630051791667938,"y":0.8669339418411255,"z":-0.2096828669309616,"w":-0.4394996166229248},"size":9.955484390258789,"orthographic":false}